Country Name,Country Code,Series Name,Series Code,2000 [YR2000],2001 [YR2001],2002 [YR2002],2003 [YR2003],2004 [YR2004],2005 [YR2005],2006 [YR2006],2007 [YR2007],2008 [YR2008],2009 [YR2009],2010 [YR2010],2011 [YR2011],2012 [YR2012],2013 [YR2013],2014 [YR2014],2015 [YR2015],2016 [YR2016],2017 [YR2017],2018 [YR2018],2019 [YR2019],2020 [YR2020]
South Africa,ZAF,Population density (people per sq. km of land area),EN.POP.DNST,37.0687319160161,37.5662762037442,38.0440964808877,38.5125555399847,38.9844199523531,39.4699494678878,39.971856168957,40.4914383928645,41.0352661385388,41.610277061059,42.2202507645764,42.8691787089169,43.5532441945775,44.2582462966474,44.9645046946228,45.6572612089787,46.3309845106299,46.987817062213,47.6301197767684,..,..
South Africa,ZAF,"Population, total",SP.POP.TOTL,44967708,45571274,46150913,46719196,47291610,47880601,48489459,49119759,49779471,50477011,51216964,52004172,52834005,53689236,54545991,55386367,56203654,57000451,57779622,58558270,..
South Africa,ZAF,GDP (current US$),NY.GDP.MKTP.CD,136361298082.061,121514658737.165,115482368343.658,175256916996.047,228590027400.653,257772710832.953,271638484826.109,299415505152.298,286769839732.726,295936485832.635,375349442837.24,416418874936.304,396332702639.496,366829390478.954,350904575292.317,317620522794.827,296357282715.109,349554116683.818,368288939768.322,351431649241.439,..
South Africa,ZAF,GDP growth (annual %),NY.GDP.MKTP.KD.ZG,4.20000347551795,2.69999456713741,3.70038235175596,2.9490791374903,4.55455274472709,5.2770563116366,5.60379765712011,5.36047589053663,3.19104674115678,-1.53808933379921,3.03973081360166,3.2841681423114,2.21335480848441,2.4852005003106,1.84699160365717,1.19373280124428,0.399087929556359,1.41451262585058,0.787055570495099,0.152583316664234,..
South Africa,ZAF,GDP per capita (constant 2010 US$),NY.GDP.PCAP.KD,5937.6260860986,6017.17784586121,6161.46631380485,6266.01573980923,6472.10703408701,6729.8274660259,7017.71490394165,7299.02003724481,7432.11676075707,7216.67969294747,7328.61562893966,7454.72016478301,7500.04106663005,7563.99277707639,7582.69692889496,7556.78857882235,7476.62101155809,7476.38632385801,7433.61539826952,7345.96241792901,..
South Africa,ZAF,Access to electricity (% of population),EG.ELC.ACCS.ZS,71.7508926391602,70.2,77.1,78.8,80.9,80.9,80.7,82,81.9,82.7,82.9,84.7,85.3,85.4,86,85.5,84.2,84.4,91.2298736572266,..,..
South Africa,ZAF,"Access to electricity, rural (% of rural population)",EG.ELC.ACCS.RU.ZS,52.8434678078669,48.4954115183745,64.0576493477387,66.2820862849653,71.9341286371531,71.2797151056624,70.0677349546251,72.5975761603066,71.5650346535941,72.8318885719266,67.9479513025107,73.4153538360434,76.9677349855104,76.7877506747487,77.6295638901199,75.3635314242526,70.7157223672873,70.3145301045502,89.5988191888486,..,..
South Africa,ZAF,"Access to electricity, urban (% of urban population)",EG.ELC.ACCS.UR.ZS,86.0779418945313,86.3293762207031,86.5840759277344,87.7,87.13232421875,87.4384841918945,87.7654647827148,88.1090316772461,88.4649353027344,88.8289566040039,91.9796600341797,91.4,90.1366958618164,90.2880554199219,90.6449203491211,90.9994735717773,91.3525009155273,91.7047653198242,92.0568923950195,..,..
South Africa,ZAF,"CO2 emissions from electricity and heat production, total (% of total fuel combustion)",EN.CO2.ETOT.ZS,68.4253680795694,71.8298732897273,70.543418395447,70.5470208183776,69.6055190048744,67.4259313975664,67.4350197882126,67.8392601675863,69.3201956475509,63.9877822843123,70.3840291095049,69.1040425801546,68.0762343937796,66.4721723518851,67.480622813636,..,..,..,..,..,..
South Africa,ZAF,Electricity production from coal sources (% of total),EG.ELC.COAL.ZS,93.0628328930845,93.7470277125276,93.3012755989092,94.1045976613852,93.9447142323496,94.6371692383962,94.7108044217484,94.7700575815739,94.2669625350757,94.0980086299455,94.2606215516973,93.8041267297439,94.6315017280405,93.7438781636071,93.1018034160283,92.7112379223137,..,..,..,..,..
South Africa,ZAF,Electricity production from hydroelectric sources (% of total),EG.ELC.HYRO.ZS,0.529742057477735,0.953533839642989,1.09029849380502,0.303137756867086,0.394305399908687,0.550288157650121,1.15526746953371,0.33320537428023,0.47080647623073,0.567226465166218,0.82369626881955,0.792446142940796,0.472710297238666,0.457755379316882,0.390826989910651,0.324638479994812,..,..,..,..,..
South Africa,ZAF,Electricity production from natural gas sources (% of total),EG.ELC.NGAS.ZS,0,0,0,0,0,0,0,0,0,0,0,0,0,0,0,0,..,..,..,..,..
South Africa,ZAF,Electricity production from nuclear sources (% of total),EG.ELC.NUCL.ZS,6.25971314058613,5.14908273407214,5.48626489266302,5.4759392513665,5.54725438924169,4.66546859184896,3.99679491012593,4.34433781190019,5.08924972311257,5.18850150922756,4.71423895763848,5.20155946620643,4.68944306488881,5.5712660747575,5.52929999879746,..,..,..,..,..,..
South Africa,ZAF,Electricity production from oil sources (% of total),EG.ELC.PETR.ZS,0,0.00288221815509216,0.00366025511978185,0.0017297446896838,0,0.0322240813038359,0.0247158671880917,0.442610364683301,0.055964527099746,0.0198529262808176,0.0767588292135532,0.0758929947298672,0.0761043964019097,0.0758317798350659,0.0757603088134493,0.074168341871474,..,..,..,..,..
South Africa,ZAF,"Electricity production from oil, gas and coal sources (% of total)",EG.ELC.FOSL.ZS,93.0628328930845,93.7499099306826,93.304935854029,94.1063274060749,93.9447142323496,94.6693933197001,94.7355202889365,95.2126679462572,94.3229270621754,94.1178615562263,94.3373803809108,93.8800197244738,94.7076061244424,93.8197099434421,93.1775637248418,92.7854062641852,..,..,..,..,..
South Africa,ZAF,"Electricity production from renewable sources, excluding hydroelectric (% of total)",EG.ELC.RNWX.ZS,0.147711908851648,0.147473495602215,0.118500759502937,0.114595585691552,0.113725978499979,0.114849930800851,0.112417331403901,0.10978886756238,0.117016738481287,0.1264104693799,0.124684392631152,0.125974666379018,0.130240513430072,0.151268602483491,0.902309286450128,1.93040334608651,..,..,..,..,..
South Africa,ZAF,"Electricity production from renewable sources, excluding hydroelectric (kWh)",EG.ELC.RNWX.KH,307000000,307000000,259000000,265000000,274000000,278000000,282000000,286000000,299000000,312000000,320000000,327000000,332000000,383000000,2251000000,4763000000,..,..,..,..,..
South Africa,ZAF,Renewable electricity output (% of total electricity output),EG.ELC.RNEW.ZS,0.677453966329383,1.1010073352452,1.20879925330796,0.417733342558638,0.508031378408666,0.665138088450972,1.26768480093761,0.44299424184261,0.587823214712017,0.693636934546118,0.948380661450703,0.918420809319814,0.602950810668738,0.609023981800373,1.29313627636078,2.25504182608132,..,..,..,..,..
South Africa,ZAF,Time required to get electricity (days),IC.ELC.TIME,..,..,..,..,..,..,..,..,..,214,214,226,226,226,226,84,109,109,109,109,..
Nigeria,NGA,Population density (people per sq. km of land area),EN.POP.DNST,134.264248932222,137.679157196658,141.194896625932,144.823205639184,148.578040559087,152.469905684201,156.503077615644,160.677203904389,164.991845361617,169.444462377988,174.032079449257,178.755416845087,183.61251139146,188.594012758435,193.687651108403,198.883854321069,204.179198919596,209.573559735169,215.064988965381,..,..
Nigeria,NGA,"Population, total",SP.POP.TOTL,122283850,125394046,128596076,131900631,135320422,138865016,142538308,146339977,150269623,154324933,158503197,162805071,167228767,171765769,176404902,181137448,185960289,190873311,195874740,200963599,..
Nigeria,NGA,GDP (current US$),NY.GDP.MKTP.CD,69448756932.5833,74030364472.0506,95385819320.5737,104911947834.122,136385979322.437,176134087150.341,236103982431.635,275625684968.615,337035512676.935,291880204327.419,363359886203.409,410334579160.752,459376049763.999,514966287334.277,568498937615.656,494583180777.103,404649527537.753,375745486520.656,398160403206.519,448120428858.769,..
Nigeria,NGA,GDP growth (annual %),NY.GDP.MKTP.KD.ZG,5.01593475720539,5.91768465163287,15.3291557381864,7.34719497034287,9.25055822849697,6.43851652509102,6.05942803125549,6.59113036073539,6.76447277784797,8.03692510189684,8.00565591528179,5.30792420366642,4.23006117510556,6.67133539288376,6.30971865572383,2.65269329541835,-1.61686894991816,0.805886619542704,1.92275734157302,2.2084292771582,..
Nigeria,NGA,GDP per capita (constant 2010 US$),NY.GDP.PCAP.KD,1383.66605146727,1429.19652677733,1607.23826655415,1682.09998921613,1791.26154475003,1857.92556390535,1919.72420341649,1993.09741067712,2072.27348562123,2179.98941589805,2292.44515619082,2350.3368242726,2384.95417065007,2476.86387820509,2563.89996945741,2563.14886397093,2456.3061881429,2412.36712511876,2395.96980032978,2386.87176517959,..
Nigeria,NGA,Access to electricity (% of population),EG.ELC.ACCS.ZS,42.856086730957,43.7422409057617,44.6141128540039,52.2,46.297119140625,47.101993560791,47.8907623291016,50.1309194284432,50.3,50.2762489318848,48,55.9,53.2793312072754,55.6,54.9188957214355,52.5,59.3,54.4,56.5,..,..
Nigeria,NGA,"Access to electricity, rural (% of rural population)",EG.ELC.ACCS.RU.ZS,20.8948059383182,21.4920928949356,22.0723993243912,32.7002680029202,23.136957659709,23.6025235927399,24.0339241254079,25.2785394843265,25.621297595543,25.3367412104309,23.536730395853,31.0191859852942,27.8371653436331,31.6345943081311,29.001444827311,25.9039724605354,33.9704584020483,22.617436179279,30.9508458743352,..,..
Nigeria,NGA,"Access to electricity, urban (% of urban population)",EG.ELC.ACCS.UR.ZS,83.9294815063477,83.8716049194336,83.8169860839844,84.9,83.7466125488281,83.7434616088867,83.7611312866211,86.1628826386536,84.8,83.8966827392578,79.8,87.1,84.0679168701172,83.6,84.1660842895508,81.5,86,86.8,81.7,..,..
Nigeria,NGA,"CO2 emissions from electricity and heat production, total (% of total fuel combustion)",EN.CO2.ETOT.ZS,31.3299817184644,28.4557781825541,29.3184488836663,24.4033302497687,28.5109515921222,29.9645390070922,32.9527559055118,35.8133669609079,32.7141774071266,34.9749202006384,34.1043571812803,36.2259179976947,37.3419721871049,36.8225206277301,39.0625,..,..,..,..,..,..
Nigeria,NGA,Electricity production from coal sources (% of total),EG.ELC.COAL.ZS,0,0,0,0,0,0,0,0,0,0,0,0,0,0,0,0,..,..,..,..,..
Nigeria,NGA,Electricity production from hydroelectric sources (% of total),EG.ELC.HYRO.ZS,38.2155225096761,38.2162721510801,38.2176839173822,36.9005152596116,33.4006179196704,33.000552274948,27.1008221549113,27.0998346244234,27.1009000473709,22.9003387773676,24.4018222885801,21.7614855367315,19.7136487145544,18.4399127514455,17.5913129318855,18.1951250556864,..,..,..,..,..
Nigeria,NGA,Electricity production from natural gas sources (% of total),EG.ELC.NGAS.ZS,61.7844774903239,61.7837278489199,61.7823160826178,63.0994847403884,66.5993820803296,66.999447725052,72.8991778450887,72.9001653755766,72.8990999526291,77.0996612226323,75.5981777114199,78.2385144632685,80.2863512854456,81.5600872485545,82.4086870681145,81.8048749443136,..,..,..,..,..
Nigeria,NGA,Electricity production from nuclear sources (% of total),EG.ELC.NUCL.ZS,0,0,0,0,0,0,0,0,0,0,0,0,0,0,0,..,..,..,..,..,..
Nigeria,NGA,Electricity production from oil sources (% of total),EG.ELC.PETR.ZS,0,0,0,0,0,0,0,0,0,0,0,0,0,0,0,0,..,..,..,..,..
Nigeria,NGA,"Electricity production from oil, gas and coal sources (% of total)",EG.ELC.FOSL.ZS,61.7844774903239,61.7837278489199,61.7823160826178,63.0994847403884,66.5993820803296,66.999447725052,72.8991778450887,72.9001653755766,72.8990999526291,77.0996612226323,75.5981777114199,78.2385144632685,80.2863512854456,81.5600872485545,82.4086870681145,81.8048749443136,..,..,..,..,..
Nigeria,NGA,"Electricity production from renewable sources, excluding hydroelectric (% of total)",EG.ELC.RNWX.ZS,0,0,0,0,0,0,0,0,0,0,0,0,0,0,0,0,..,..,..,..,..
Nigeria,NGA,"Electricity production from renewable sources, excluding hydroelectric (kWh)",EG.ELC.RNWX.KH,0,0,0,0,0,0,0,0,0,0,0,0,0,0,0,0,..,..,..,..,..
Nigeria,NGA,Renewable electricity output (% of total electricity output),EG.ELC.RNEW.ZS,38.2155225096761,38.2162721510801,38.2176839173822,36.9005152596116,33.4006179196704,33.000552274948,27.1008221549113,27.0998346244234,27.1009000473709,22.9003387773676,24.4018222885801,21.7614855367315,19.7136487145544,18.4399127514455,17.5913129318855,18.1951250556864,..,..,..,..,..
Nigeria,NGA,Time required to get electricity (days),IC.ELC.TIME,..,..,..,..,..,..,..,..,..,..,..,..,..,149.44,149.44,149.44,149.44,149.44,115.33,109.8,..
Sub-Saharan Africa,SSF,Population density (people per sq. km of land area),EN.POP.DNST,31.3222227771283,32.1521349518983,33.0047202180867,33.8827249589225,34.7897769500065,35.7285773327095,36.7003658092712,37.7050888050457,38.7425407779385,39.8116683600227,40.9105062628929,42.0408250383071,43.2026924413357,44.3943622838012,45.6145052330678,46.861950891294,48.1362001614162,49.4367679749432,50.7620843086558,..,..
Sub-Saharan Africa,SSF,"Population, total",SP.POP.TOTL,665327581,682956070,701066167,719716209,738983255,758924681,779566820,800908534,822945457,845655214,869025106,893046172,917726973,943041070,968959787,995458478,1022526541,1050153672,1078306520,1106957898,..
Sub-Saharan Africa,SSF,GDP (current US$),NY.GDP.MKTP.CD,399904372078.616,381754123438.93,416194203628.348,521388595252.482,649029124602.31,770181349479.696,915370925877.674,1062813962374.25,1218783696166.33,1161200857415.51,1380722711234.26,1558761240263.5,1634869239546.74,1744337040678.44,1826947093216.37,1665849283759.4,1538123696903.43,1639171578758.92,1713887508951.01,1755011419750.84,..
Sub-Saharan Africa,SSF,GDP growth (annual %),NY.GDP.MKTP.KD.ZG,3.47331785018967,4.25984819385808,6.36455951166639,4.2616794000063,6.50122786498488,6.19902906231913,6.16352148437602,6.56157955657007,5.35229113520703,3.06702179552161,5.40488417151504,4.73806711347594,3.96407442049798,5.00137417277409,4.65626452526141,2.84441682451617,1.2371439307806,2.54836537058003,2.41064674571251,2.27767558615906,..
Sub-Saharan Africa,SSF,GDP per capita (constant 2010 US$),NY.GDP.PCAP.KD,1225.6221965684,1244.84839570745,1289.87364817002,1309.99491998383,1358.78552725553,1405.10047137523,1452.20532757821,1506.25707613995,1544.38279278145,1549.00351146049,1588.81797741095,1619.33651952717,1638.25242188538,1674.01247774717,1705.09575648361,1706.91579594849,1682.28875551367,1679.77463254029,1675.35463417375,1669.16292109815,..
Sub-Saharan Africa,SSF,Access to electricity (% of population),EG.ELC.ACCS.ZS,..,..,..,..,..,..,..,..,..,..,..,..,..,..,..,..,..,..,..,..,..
Sub-Saharan Africa,SSF,"Access to electricity, rural (% of rural population)",EG.ELC.ACCS.RU.ZS,..,..,..,..,..,..,..,..,..,..,..,..,..,..,..,..,..,..,..,..,..
Sub-Saharan Africa,SSF,"Access to electricity, urban (% of urban population)",EG.ELC.ACCS.UR.ZS,..,..,..,..,..,..,..,..,..,..,..,..,..,..,..,..,..,..,..,..,..
Sub-Saharan Africa,SSF,"CO2 emissions from electricity and heat production, total (% of total fuel combustion)",EN.CO2.ETOT.ZS,56.6018707611628,59.2824278688153,58.4227032480207,57.9250359802265,58.2777049116144,56.8115039598373,56.5838293267373,57.1184139559969,58.0021426596627,53.647356072911,57.2527359074953,55.7860693949872,54.9324803376808,53.879405896697,54.7686598064625,..,..,..,..,..,..
Sub-Saharan Africa,SSF,Electricity production from coal sources (% of total),EG.ELC.COAL.ZS,62.0041276247764,61.4613793516474,60.2191784912077,61.7795029477699,60.7549680462935,60.5499143426123,59.8930819502657,60.2159131608007,59.3876530682208,57.9557151697656,56.8940037446155,56.0292326475253,55.2725690237759,53.6447534651767,51.6066023170449,50.6107207911634,..,..,..,..,..
Sub-Saharan Africa,SSF,Electricity production from hydroelectric sources (% of total),EG.ELC.HYRO.ZS,17.1528840769709,18.3580679543358,18.486016370215,17.1190266488291,17.2793175498018,17.6888488542307,17.9578839580835,17.20201099409,17.83305503404,18.872673488656,19.8627574037876,19.9268171001231,19.8432404349529,20.2727444988054,21.0997985777522,20.4502566063964,..,..,..,..,..
Sub-Saharan Africa,SSF,Electricity production from natural gas sources (% of total),EG.ELC.NGAS.ZS,3.85450361665662,3.93996081788882,4.92184502185497,4.55932482202007,5.39772618393745,5.53657573569903,5.60741814065589,5.42506880649668,5.28190991909644,5.47508983816959,6.72632328090057,7.34592101875186,7.68821296335031,7.91651200431158,8.51561858941749,9.51250528931794,..,..,..,..,..
Sub-Saharan Africa,SSF,Electricity production from nuclear sources (% of total),EG.ELC.NUCL.ZS,4.05655169492822,3.26346032045052,3.42907696572325,3.51120417327982,3.49704835175355,2.90501090848158,2.47949079466419,2.71445325329927,3.15391480337635,3.14610071199855,2.79259437840972,3.03632601466931,2.68053718030361,3.10186712404709,2.96141290362851,..,..,..,..,..,..
Sub-Saharan Africa,SSF,Electricity production from oil sources (% of total),EG.ELC.PETR.ZS,2.36845247307262,2.20760805892217,1.97577289268468,2.05464920824477,2.37637060461098,2.54538943942489,2.75350593534721,3.20423972879959,3.30962176306318,3.46080905278179,2.63795033894079,2.84855144629063,3.3839707702829,3.65512798354676,3.81222335288759,3.99431057914542,..,..,..,..,..
Sub-Saharan Africa,SSF,"Electricity production from oil, gas and coal sources (% of total)",EG.ELC.FOSL.ZS,68.2270837145056,67.6089482284584,67.1167964057474,68.3934769780348,68.5290648348419,68.6318795177362,68.2540060262688,68.845221696097,67.9791847503804,66.891614060717,66.2582773644569,66.2237051125678,66.3447527574091,65.2163934530351,63.93444425935,64.1175366596268,..,..,..,..,..
Sub-Saharan Africa,SSF,"Electricity production from renewable sources, excluding hydroelectric (% of total)",EG.ELC.RNWX.ZS,0.42436332488834,0.444505277344693,0.371190217789074,0.468604205389157,0.540060441303355,0.525541245552809,0.692209728133361,0.533920026671748,0.592268528902264,0.657423512830558,0.672586165690215,0.670366453098001,0.729669398084988,0.855619238598271,1.7003327676336,2.38734035681389,..,..,..,..,..
Sub-Saharan Africa,SSF,"Electricity production from renewable sources, excluding hydroelectric (kWh)",EG.ELC.RNWX.KH,1361000000,1460000000,1298000000,1690000000,2064000000,2043000000,2799000000,2226000000,2442000000,2676000000,2914000000,2981000000,3254000000,3891000000,7920000000,11206000000,..,..,..,..,..
Sub-Saharan Africa,SSF,Renewable electricity output (% of total electricity output),EG.ELC.RNEW.ZS,20.5972091867394,21.9457050709311,22.0103380728144,20.6326365717724,20.9050925128784,21.3080263292781,21.5711899736363,20.6500444151941,21.4477110810271,22.690958189317,23.7329820183804,23.8035518375781,24.0912316955305,24.7640985545461,26.5812407814129,26.6166370237832,..,..,..,..,..
Sub-Saharan Africa,SSF,Time required to get electricity (days),IC.ELC.TIME,..,..,..,..,..,..,..,..,..,158.022222222222,141.266666666667,139.488888888889,141.652173913043,136.285957446809,132.137021276596,117.965333333333,115.565333333333,113.454222222222,111.518444444444,109.573333333333,..
World,WLD,Population density (people per sq. km of land area),EN.POP.DNST,48.002434161172,48.6257393515365,49.2474434233622,49.868730347568,50.4949013986535,51.1245616547904,51.7620561183525,52.401770959484,53.0578811978267,53.7076180569038,54.3528862139927,54.9885896907073,55.6412023142105,56.3003305181971,56.9651804710626,57.6308320818232,58.2961280767276,58.9618534562478,59.6178807531312,..,..
World,WLD,"Population, total",SP.POP.TOTL,6114332536,6193671787,6272752974,6351882361,6431551644,6511748367,6592734542,6674203658,6756917904,6839574284,6921871614,7002860604,7085763408,7169640142,7254228377,7338964960,7424282488,7509065705,7591932906.5,7673533972,..
World,WLD,GDP (current US$),NY.GDP.MKTP.CD,33618616210474.6,33426577337534.9,34709809969301.4,38944808654397.8,43867138874872.3,47517226727335.8,51502021664272.8,58031535098689.5,63675554101967.6,60395540053791.6,66113119131563.3,73448341079239,75145997061963.8,77302022602630.1,79450807677429.7,75198758494968.9,76335795445380.5,81229182706392.5,86357073448746.2,87697518999809.1,..
World,WLD,GDP growth (annual %),NY.GDP.MKTP.KD.ZG,4.3846784275664,1.96045013163312,2.18207347594222,2.96371537847668,4.40746112855823,3.91497892665357,4.37986499971008,4.32373662343339,1.85346306022271,-1.67402065978645,4.30065187346788,3.14027655362288,2.51696285255024,2.66293597856703,2.84745929049367,2.87915245635897,2.59217168828745,3.2619713391458,3.04231315770383,2.47507654710016,..
World,WLD,GDP per capita (constant 2010 US$),NY.GDP.PCAP.KD,8167.84099304814,8221.28844469872,8294.77479816804,8434.21259393964,8696.86570415111,8926.04494230919,9202.5422634913,9483.24758622776,9540.77603882364,9267.69117773878,9551.33565289547,9737.34274698702,9865.63452315588,10009.8597387581,10174.8424638991,10346.9292932401,10493.1536084419,10713.096721567,10918.5299171315,11069.7894618038,..
World,WLD,Access to electricity (% of population),EG.ELC.ACCS.ZS,..,..,..,..,..,..,..,..,..,..,..,..,..,..,..,..,..,..,..,..,..
World,WLD,"Access to electricity, rural (% of rural population)",EG.ELC.ACCS.RU.ZS,..,..,..,..,..,..,..,..,..,..,..,..,..,..,..,..,..,..,..,..,..
World,WLD,"Access to electricity, urban (% of urban population)",EG.ELC.ACCS.UR.ZS,..,..,..,..,..,..,..,..,..,..,..,..,..,..,..,..,..,..,..,..,..
World,WLD,"CO2 emissions from electricity and heat production, total (% of total fuel combustion)",EN.CO2.ETOT.ZS,47.0754655502898,47.406267049489,47.8393585760988,48.3967856189715,47.7786202150976,48.1488520762966,48.5631552171587,48.8169963424701,48.4321324020732,48.2907741284329,48.7667508187656,49.2857832623901,49.4672746440745,49.3747327036858,49.040196524616,..,..,..,..,..,..
World,WLD,Electricity production from coal sources (% of total),EG.ELC.COAL.ZS,38.6355311233739,38.4475451840774,38.7510861135328,39.8313508859405,39.3801857974741,39.8559095523396,40.5145658114162,41.1375384536037,40.634612377612,40.0175980395719,40.1096190864404,41.0009990715183,40.2771600207239,41.0449300409857,40.4880465362012,39.1675949345313,..,..,..,..,..
World,WLD,Electricity production from hydroelectric sources (% of total),EG.ELC.HYRO.ZS,16.8079802974436,16.3093639407225,16.106360243618,15.6084555923286,15.8931872855719,15.8975138308872,15.8742506272491,15.4020361312233,15.7383321507034,16.0703451038035,15.8813024740239,15.7035134863238,16.0618389271,16.1479034994464,16.2438748967401,15.8984445574032,..,..,..,..,..
World,WLD,Electricity production from natural gas sources (% of total),EG.ELC.NGAS.ZS,17.7466184258828,18.5898038149918,19.1331304721598,19.4164765118329,19.9448017409037,20.1501617321139,20.5025500250022,21.1955852013297,21.595506509866,21.9141087604739,22.3904429192025,21.971810411013,22.3904141095423,21.4907006775343,21.5976097789771,22.7888182265094,..,..,..,..,..
World,WLD,Electricity production from nuclear sources (% of total),EG.ELC.NUCL.ZS,16.7129971766146,16.8874272496245,16.3933886224432,15.6649191068749,15.5604463861662,15.0797604167818,14.6408213834074,13.6700432335713,13.4828113371522,13.3515910010927,12.7941011567922,11.6106704870588,10.817549047051,10.5860665269462,10.6073757890339,8.11798195829433,..,..,..,..,..
World,WLD,Electricity production from oil sources (% of total),EG.ELC.PETR.ZS,7.3029201099225,7.05049135319742,6.73096242630702,6.57939334865646,6.17096865347831,5.75161188645248,5.0674761538575,4.87103710676071,4.5976535395188,4.18340409478116,3.81239694698005,4.02104717535715,4.15598584005849,3.78381252779226,3.54783857404975,3.27962577641973,..,..,..,..,..
World,WLD,"Electricity production from oil, gas and coal sources (% of total)",EG.ELC.FOSL.ZS,63.6850696591792,64.0878403522666,64.6151790119997,65.8272207464298,65.4959561918561,65.7576831709059,66.0845919902758,67.2041607616941,66.8277724269968,66.1151108948269,66.3124589526229,66.9938566578884,66.8235599703248,66.3194432463123,65.633494889228,65.2360389374605,..,..,..,..,..
World,WLD,"Electricity production from renewable sources, excluding hydroelectric (% of total)",EG.ELC.RNWX.ZS,1.40055427673465,1.43708168635678,1.56038526426701,1.65161872805456,1.79690542616949,1.95753176161838,2.12591760238364,2.34988814806361,2.68068728114828,3.12880281654095,3.5529953354481,4.09817935762312,4.69546398908471,5.4108072920462,6.00673050633005,6.76560891927057,..,..,..,..,..
World,WLD,"Electricity production from renewable sources, excluding hydroelectric (kWh)",EG.ELC.RNWX.KH,217095000000,224461000000,253263000000,277856000000,316183000000,359313000000,405335000000,467437000000,543399000000,631821000000,765437000000,911584000000,1067911000000,1267134000000,1435701000000,1644540000000,..,..,..,..,..
World,WLD,Renewable electricity output (% of total electricity output),EG.ELC.RNEW.ZS,18.3331548724724,17.8695911310949,17.7886544086113,17.3785541675535,17.8097162793288,17.9750902418552,18.116231987348,17.881396718674,18.5547475858688,19.3341818218483,19.5609975450815,19.9328250152084,20.9015364054271,21.7103458442356,22.4072584526013,22.8544560815979,..,..,..,..,..
World,WLD,Time required to get electricity (days),IC.ELC.TIME,..,..,..,..,..,..,..,..,..,113.71511627907,107.633720930233,105.706896551724,104.314606741573,104.787142857143,99.5042857142857,92.3444623655914,90.5364516129032,88.3808064516129,84.8758288770053,82.5194117647059,..
"Egypt, Arab Rep.",EGY,Population density (people per sq. km of land area),EN.POP.DNST,69.1461761012607,70.4733145813451,71.8117866291627,73.1589703149329,74.5110984981667,75.8687719122005,77.2250369179768,78.5897091767542,80.000079361093,81.5056487015923,83.139519815159,84.9156160530413,86.8172585262946,88.8087196745191,90.8379667487066,92.8650831282335,94.8787704053443,96.8834125269978,98.8734692852479,..,..
"Egypt, Arab Rep.",EGY,"Population, total",SP.POP.TOTL,68831561,70152661,71485043,72826097,74172073,75523569,76873663,78232126,79636079,81134798,82761235,84529250,86422240,88404640,90424654,92442547,94447072,96442593,98423595,100388073,..
"Egypt, Arab Rep.",EGY,GDP (current US$),NY.GDP.MKTP.CD,99838543960.0763,97632008709.853,87850683978.6691,82924503942.6381,78845185293.4964,89685725230.2517,107484034870.974,130478960092.499,162818181818.182,188982374700.805,218888324504.753,236001858960.015,279372758361.832,288586231501.877,305529656458.438,332698041030.807,332927833278.038,235369129337.711,250894760351.232,303175127597.521,..
"Egypt, Arab Rep.",EGY,GDP growth (annual %),NY.GDP.MKTP.KD.ZG,6.37000383423161,3.53525196931787,2.39020402784614,3.19345473897896,4.0920716120453,4.47174446860463,6.84383819698924,7.08782742739524,7.15628356351688,4.67359980040543,5.14723485873294,1.76457194925801,2.22619979662136,2.18546605471231,2.91591187883584,4.37201907940117,4.34664345337816,4.18122100091018,5.31412103746398,5.55768388791593,..
"Egypt, Arab Rep.",EGY,GDP per capita (constant 2010 US$),NY.GDP.PCAP.KD,1980.96784649348,2012.37605430155,2022.07153551198,2048.22100367399,2093.34632990722,2147.81981105282,2254.5104594361,2372.38301038924,2497.34022161353,2565.76916476162,2644.81703909751,2635.19156362046,2634.85005236495,2632.05823306843,2648.29416930294,2703.74209214891,2761.38619824943,2817.32022564701,2907.31758471118,3008.84235348189,..
"Egypt, Arab Rep.",EGY,Access to electricity (% of population),EG.ELC.ACCS.ZS,97.7,97.3819427490234,97.6025390625,98.8,97.9829864501953,99.4,99.04,98.4070358276367,99.8,98.7057266235352,99.1528930664063,99.4522476196289,99.7,99.731201171875,99.8,99.3,100,100,100,..,..
"Egypt, Arab Rep.",EGY,"Access to electricity, rural (% of rural population)",EG.ELC.ACCS.RU.ZS,96.353311902117,95.9712147841132,96.3731673827894,98.1228511250676,96.6100904958808,99.0979130470796,98.839924259864,97.6791381859336,99.7243827048053,98.0825251627116,98.7593891022488,99.2179178549448,99.8258394002141,99.6246266509975,99.7250555432637,99.4495586839221,100,100,100,..,..
"Egypt, Arab Rep.",EGY,"Access to electricity, urban (% of urban population)",EG.ELC.ACCS.UR.ZS,99.5,99.2639999389648,99.2395706176758,99.7,99.804283142,99.8,99.3044281005859,99.3688583374023,99.9,99.530517578125,99.674110413,99.7628707885742,99.532821655,99.8730926513672,99.9,99.1,99.9969253540039,100,100,..,..
"Egypt, Arab Rep.",EGY,"CO2 emissions from electricity and heat production, total (% of total fuel combustion)",EN.CO2.ETOT.ZS,34.5301373984555,35.3775702612912,37.0082220846963,39.9250553568387,46.0974086793631,43.970405199834,43.5811477026228,41.3059427732942,43.7459760023412,45.1642492690478,44.1269841269841,44.5685501533071,46.5846056315706,49.5712815822568,50.3376233623824,..,..,..,..,..,..
"Egypt, Arab Rep.",EGY,Electricity production from coal sources (% of total),EG.ELC.COAL.ZS,0,0,0,0,0,0,0,0,0,0,0,0,0,0,0,0,..,..,..,..,..
"Egypt, Arab Rep.",EGY,Electricity production from hydroelectric sources (% of total),EG.ELC.HYRO.ZS,17.5281215208016,18.1671909896496,14.4175355981612,13.6778626435393,12.481860630411,11.6330849204159,11.1994939648375,12.3952081451942,11.2042124542125,9.25395683453237,8.88716313796016,8.21696758700431,7.97009014262458,7.94525438857483,7.90393137955683,7.38115256323601,..,..,..,..,..
"Egypt, Arab Rep.",EGY,Electricity production from natural gas sources (% of total),EG.ELC.NGAS.ZS,53.7424977285234,65.97824259744,67.221661621258,71.5421871552693,73.9444614458188,74.3085840463704,74.3507759494658,74.4807358805712,72.8594322344322,74.3661870503597,76.476198261533,79.6932772575378,75.9597395339796,73.4947932163047,71.6620443173695,70.7287184644213,..,..,..,..,..
"Egypt, Arab Rep.",EGY,Electricity production from nuclear sources (% of total),EG.ELC.NUCL.ZS,0,0,0,0,0,0,0,0,0,0,0,0,0,0,0,..,..,..,..,..,..
"Egypt, Arab Rep.",EGY,Electricity production from oil sources (% of total),EG.ELC.PETR.ZS,28.5540611443124,15.5892029490166,18.1320775871735,14.393326539403,13.0573845743788,13.5504646241605,13.9159669690747,12.4599413405366,15.2396214896215,15.5647482014388,13.4758440284476,10.9798864083961,15.1608474864543,17.6233263909551,19.467047891351,21.0119960214752,..,..,..,..,..
"Egypt, Arab Rep.",EGY,"Electricity production from oil, gas and coal sources (% of total)",EG.ELC.FOSL.ZS,82.2965588728357,81.5674455464566,85.3537392084314,85.9355136946724,87.0018460201976,87.8590486705309,88.2667429185405,86.9406772211078,88.0990537240537,89.9309352517986,89.9520422899807,90.673163665934,91.120587020434,91.1181196072597,91.1290922087205,91.7407144858966,..,..,..,..,..
"Egypt, Arab Rep.",EGY,"Electricity production from renewable sources, excluding hydroelectric (% of total)",EG.ELC.RNWX.ZS,0.175319606362694,0.265363463893759,0.228725193407333,0.386623661788345,0.516293349391406,0.507866409053271,0.533763116622042,0.664114633698024,0.696733821733822,0.815107913669065,1.16079457205918,1.10986874706174,0.909322836941468,0.936626004165427,0.966976411722659,0.878132950867417,..,..,..,..,..
"Egypt, Arab Rep.",EGY,"Electricity production from renewable sources, excluding hydroelectric (kWh)",EG.ELC.RNWX.KH,137000000,221000000,204000000,368000000,523000000,552000000,616000000,831000000,913000000,1133000000,1704000000,1747000000,1497000000,1574000000,1691000000,1598000000,..,..,..,..,..
"Egypt, Arab Rep.",EGY,Renewable electricity output (% of total electricity output),EG.ELC.RNEW.ZS,17.7034411271643,18.4325544535434,14.6462607915686,14.0644863053276,12.9981539798024,12.1409513294691,11.7332570814595,13.0593227788922,11.9009462759463,10.0690647482014,10.0479577100193,9.32683633406604,8.87941297956605,8.88188039274026,8.87090779127949,8.25928551410343,..,..,..,..,..
"Egypt, Arab Rep.",EGY,Time required to get electricity (days),IC.ELC.TIME,..,..,..,..,..,..,..,..,..,53,53,53,53,53,53,53,53,53,53,53,..
Algeria,DZA,Population density (people per sq. km of land area),EN.POP.DNST,13.0334272422683,13.2052675774854,13.3747214221536,13.5464647694543,13.7261678436773,13.9182799130048,14.1245484393763,14.3453827873739,14.5820316239388,14.8353224953185,15.1055341892902,15.3927145700202,15.6960402898721,16.0135581549623,16.3425424269652,16.680252672416,17.0259574932612,17.3777146120063,17.7300750711665,..,..
Algeria,DZA,"Population, total",SP.POP.TOTL,31042235,31451514,31855109,32264157,32692163,33149724,33641002,34166972,34730608,35333881,35977455,36661444,37383887,38140132,38923687,39728025,40551404,41389198,42228429,43053054,..
Algeria,DZA,GDP (current US$),NY.GDP.MKTP.CD,54788732394.3662,54745839538.9497,56760623478.3263,67864849150.4619,85324767230.4939,103198442061.076,117025435464.289,134977284666.139,171000637940.752,137210691642.096,161207754147.286,200019468616.453,209060307470.078,209754763860.68,213808808746.696,165979418301.861,160033844070.572,167389364980.671,173757952824.25,169988236398.126,..
Algeria,DZA,GDP growth (annual %),NY.GDP.MKTP.KD.ZG,3.8,3,5.59999999988446,7.19999999958429,4.29999999977298,5.89999999978468,1.70000000041344,3.40000000072681,2.39999999908618,1.60000000106413,3.59999999969583,2.90000000095189,3.39999999820542,2.80000000025291,3.80000000077902,3.70000000057085,3.19999999983371,1.29999999902873,1.40000000081805,0.800000000000026,..
Algeria,DZA,GDP per capita (constant 2010 US$),NY.GDP.PCAP.KD,3557.6386684294,3616.6833576974,3770.82924514601,3991.07992627792,4108.19831659194,4290.53154268188,4299.74842525472,4377.49860061468,4409.81203227677,4403.87344648228,4480.79927130159,4524.72027613238,4588.14765577383,4623.09442770872,4702.17012401875,4777.42733649206,4830.19726628058,4793.94665710645,4764.45509960918,4710.58377249415,..
Algeria,DZA,Access to electricity (% of population),EG.ELC.ACCS.ZS,..,..,..,..,..,..,..,..,..,98.7472686767578,98.8776245117188,99.0497894287109,98.7646604654583,99.5385818481445,99.8408203125,99.9313659667969,99.9900512695313,100,100,..,..
Algeria,DZA,"Access to electricity, rural (% of rural population)",EG.ELC.ACCS.RU.ZS,..,..,..,..,..,..,..,..,97.9352859575915,97.4304767961563,97.4341001159977,97.5639571316878,97.6737324903913,98.5730720965907,99.4790642340545,99.7645649276127,99.9651423192806,100,100,..,..
Algeria,DZA,"Access to electricity, urban (% of urban population)",EG.ELC.ACCS.UR.ZS,..,..,..,..,..,..,..,..,100,99.4009552001953,99.5713882446289,99.7414474487305,99.2567375886525,99.9607772827148,99.9942321777344,100,100,100,100,..,..
Algeria,DZA,"CO2 emissions from electricity and heat production, total (% of total fuel combustion)",EN.CO2.ETOT.ZS,47.4386079037242,47.9206349206349,47.3800088066931,45.1917732073374,43.2719836400818,42.0787604906391,42.4005945745076,40.0117855038303,40.0340522133939,38.8306323482682,37.9241933799729,38.8698462442464,39.8662690882805,38.4264137688795,38.8269747010494,..,..,..,..,..,..
Algeria,DZA,Electricity production from coal sources (% of total),EG.ELC.COAL.ZS,0,0,0,0,0,0,0,0,0,0,0,0,0,0,0,0,..,..,..,..,..
Algeria,DZA,Electricity production from hydroelectric sources (% of total),EG.ELC.HYRO.ZS,0.212498032425626,0.259154929577465,0.206163194444444,0.896148253356329,0.8032,1.63644405130473,0.618861068528928,0.607592214216582,0.703350233621632,0.794784551050622,0.380460926225565,0.980009370607528,1.08368033172465,0.55101018533979,0.395379969490365,0.210761940754092,..,..,..,..,..
Algeria,DZA,Electricity production from natural gas sources (% of total),EG.ELC.NGAS.ZS,96.745631984889,96.8300469483568,97.6345486111111,96.7806296709614,96.9984,96.24944714728,97.2520297507523,97.2577696526508,97.3282632468436,97.6286330225189,97.5116980802029,96.9350304544745,97.0712755022039,97.9428953080648,98.6115002646244,98.357510392744,..,..,..,..,..
Algeria,DZA,Electricity production from nuclear sources (% of total),EG.ELC.NUCL.ZS,0,0,0,0,0,0,0,0,0,0,0,0,0,0,0,..,..,..,..,..,..
Algeria,DZA,Electricity production from oil sources (% of total),EG.ELC.PETR.ZS,3.04186998268535,2.91079812206573,2.15928819444444,2.32322207568226,2.1984,2.1141088014153,2.12910918071879,2.1346381331326,1.96838651953474,1.57658242643048,2.10784099357152,2.08496017491801,1.8450441660714,1.50609450659543,0.993119765885247,1.31980580830838,..,..,..,..,..
Algeria,DZA,"Electricity production from oil, gas and coal sources (% of total)",EG.ELC.FOSL.ZS,99.7875019675744,99.7408450704225,99.7938368055556,99.1038517466437,99.1968,98.3635559486953,99.3811389314711,99.3924077857834,99.2966497663784,99.2052154489494,99.6195390737744,99.0199906293925,98.9163196682753,99.4489898146602,99.6046200305096,99.6773162010524,..,..,..,..,..
Algeria,DZA,"Electricity production from renewable sources, excluding hydroelectric (% of total)",EG.ELC.RNWX.ZS,0,0,0,0,0,0,0,0,0,0,0,0,0,0,0,0.111921858193552,..,..,..,..,..
Algeria,DZA,"Electricity production from renewable sources, excluding hydroelectric (kWh)",EG.ELC.RNWX.KH,0,0,0,0,0,0,0,0,0,0,0,0,0,0,0,77000000,..,..,..,..,..
Algeria,DZA,Renewable electricity output (% of total electricity output),EG.ELC.RNEW.ZS,0.212498032425626,0.259154929577465,0.206163194444444,0.896148253356329,0.8032,1.63644405130473,0.618861068528928,0.607592214216582,0.703350233621632,0.794784551050622,0.380460926225565,0.980009370607528,1.08368033172465,0.55101018533979,0.395379969490365,0.322683798947644,..,..,..,..,..
Algeria,DZA,Time required to get electricity (days),IC.ELC.TIME,..,..,..,..,..,..,..,..,..,158,158,158,158,180,180,180,180,180,84,84,..
Morocco,MAR,Population density (people per sq. km of land area),EN.POP.DNST,64.5164216894466,65.2617745910822,65.9976876540444,66.732879229218,67.4775128837105,68.24010979162,69.0223683620883,69.8267376204347,70.6628075285682,71.5417589065651,72.4700627380686,73.452498319516,74.4833027111808,75.5449092538651,76.6129218014788,77.6688393457316,78.7055702442303,79.7250593771006,80.7285189334528,..,..
Morocco,MAR,"Population, total",SP.POP.TOTL,28793679,29126330,29454768,29782884,30115214,30455561,30804683,31163673,31536811,31929087,32343389,32781850,33241898,33715693,34192347,34663603,35126296,35581294,36029138,36471769,..
Morocco,MAR,GDP (current US$),NY.GDP.MKTP.CD,38857251336.3448,39459581217.3759,42236836820.6152,52064058833.9739,59626020162.3816,62343022650.8742,68640825480.9223,79041294874.4553,92507257783.5697,92897320375.8176,93216746661.5977,101370474295.109,98266306615.3632,106825649872.108,110081248587.369,101179808076.36,103311649248.024,109714300453.983,117921394402.361,118725279596.13,..
Morocco,MAR,GDP growth (annual %),NY.GDP.MKTP.KD.ZG,1.91287298063767,7.3199674542072,3.12144965600538,5.96116215478284,4.79701836216324,3.29163968433596,7.57463164458541,3.53159415154489,5.92327768597593,4.24375732083367,3.8157179167666,5.24569729729485,3.00996126221978,4.53542420003856,2.66949392694423,4.53637816806425,1.05985639008179,4.23485005408639,2.99021416952922,2.3,..
Morocco,MAR,GDP per capita (constant 2010 US$),NY.GDP.PCAP.KD,1976.0908319556,2095.17395771105,2134.84989789726,2235.41867848331,2315.18666207394,2363.44467623096,2512.86241117781,2571.2644401938,2691.26781170261,2771.04675450926,2839.92516805933,2948.84548976845,2995.45235738661,3087.12349650562,3125.07948072635,3222.05417836739,3212.81539531051,3305.41921976678,3361.22378892073,3396.05936346253,..
Morocco,MAR,Access to electricity (% of population),EG.ELC.ACCS.ZS,69.6658554077148,71.6749649047852,73.669792175293,75.645866394043,78.2,79.5265426635742,96.5,83.345458984375,85.2597122192383,87.1926116943359,91.5135498046875,92.7163162231445,93.7535629272461,97.2,91.6,99.6117553710938,99.7435684204102,100,100,..,..
Morocco,MAR,"Access to electricity, rural (% of rural population)",EG.ELC.ACCS.RU.ZS,36.7331977990034,46.6073272139136,50.1814203074916,53.7488963375297,58.4416073848735,60.6381905671607,93.0232754463222,67.3353934698124,70.7848151276209,74.3484666349313,81.8666450605527,84.783921316393,87.4108176998539,94.9779155563262,86.1420287244343,99.7258364003536,99.6116678972611,100,100,..,..
Morocco,MAR,"Access to electricity, urban (% of urban population)",EG.ELC.ACCS.UR.ZS,98.48,93.3212738037109,93.6864624023438,94.0621871948242,94.6,94.8723449707031,99.26,95.7638702392578,96.2302627563477,96.7047729492188,98.4940795898438,98.324821472168,98.1354217529297,98.7,95.2,99.5382308959961,99.8266296386719,99.9711380004883,100,..,..
Morocco,MAR,"CO2 emissions from electricity and heat production, total (% of total fuel combustion)",EN.CO2.ETOT.ZS,38.0501015572106,41.0686548617583,42.1842184218422,43.9201451905626,43.923945990631,43.327333504757,42.284718765555,40.8203125,39.672514619883,37.1488764044944,38.6724700761698,39.7731794667728,39.7101449275362,37.8838914206459,40.5949915270194,..,..,..,..,..,..
Morocco,MAR,Electricity production from coal sources (% of total),EG.ELC.COAL.ZS,68.2811163803156,77.356107935664,75.5956678700361,70.8830980817952,70.7088393109291,65.9979263867289,64.9516713652839,62.6074282555159,56.7217898832685,51.3738472452116,45.9023318688746,46.704790850196,43.3729650631059,43.3920069254076,55.0267863354902,55.525632706035,..,..,..,..,..
Morocco,MAR,Electricity production from hydroelectric sources (% of total),EG.ELC.HYRO.ZS,5.58190157816995,5.78891399707564,5.57925828683951,8.78272409217035,9.08218017509178,5.07516848107828,5.02416431735803,4.59868321857566,4.51848249027237,12.1447150626626,14.650219668807,8.0220747020715,5.96670934699104,9.30601644784302,5.69470535030961,6.11615833874108,..,..,..,..,..
Morocco,MAR,Electricity production from natural gas sources (% of total),EG.ELC.NGAS.ZS,0,0,0,0,0.711663371928834,10.3836184551581,12.6459927507048,14.1880685530482,13.9445525291829,14.4431307637739,12.5168976005407,16.2001119731265,22.6852021218218,21.0034627037945,19.4809712655674,18.7670343932511,..,..,..,..,..
Morocco,MAR,Electricity production from nuclear sources (% of total),EG.ELC.NUCL.ZS,0,0,0,0,0,0,0,0,0,0,0,0,0,0,0,..,..,..,..,..,..
Morocco,MAR,Electricity production from oil sources (% of total),EG.ELC.PETR.ZS,25.6394309259115,15.4858434135318,17.5516901870692,19.1096634093377,18.3733408641627,17.4753758424054,16.4569069673782,17.2035985324421,23.3657587548638,20.1891700165524,24.1466711726935,26.3056866352075,25.3118712273642,20.9565719232434,13.1044319209629,7.17391304347826,..,..,..,..,..
Morocco,MAR,"Electricity production from oil, gas and coal sources (% of total)",EG.ELC.FOSL.ZS,93.9205473062272,92.8419513491958,93.1473580571054,89.9927614911328,89.7938435470206,93.8569206842924,94.0545710833669,93.9990953410062,94.0321011673152,86.006148025538,82.5659006421088,89.21058945853,91.3700384122919,85.3520415524455,87.6121895220205,81.4665801427644,..,..,..,..,..
Morocco,MAR,"Electricity production from renewable sources, excluding hydroelectric (% of total)",EG.ELC.RNWX.ZS,0.497551115602892,1.36913465372857,1.27338365605514,1.22451441669683,1.1239762778876,1.06791083462934,0.92126459927507,1.40222144041815,1.44941634241245,1.84913691179948,2.78387968908415,2.76733583939854,2.66325224071703,5.34194199971144,6.69310512766994,8.19273199221285,..,..,..,..,..
Morocco,MAR,"Electricity production from renewable sources, excluding hydroelectric (kWh)",EG.ELC.RNWX.KH,64000000,206000000,194000000,203000000,199000000,206000000,183000000,279000000,298000000,391000000,659000000,692000000,728000000,1481000000,1924000000,2525000000,..,..,..,..,..
Morocco,MAR,Renewable electricity output (% of total electricity output),EG.ELC.RNEW.ZS,6.07945269377284,7.1580486508042,6.85264194289465,10.0072385088672,10.2061564529794,6.14307931570762,5.94542891663311,6.00090465899382,5.96789883268483,13.993851974462,17.4340993578912,10.78941054147,8.62996158770807,14.6479584475545,12.3878104779795,14.3088903309539,..,..,..,..,..
Morocco,MAR,Time required to get electricity (days),IC.ELC.TIME,..,..,..,..,..,..,..,..,..,62,62,62,62,62,62,49,49,49,44,31,..
Libya,LBY,Population density (people per sq. km of land area),EN.POP.DNST,3.04505211589393,3.09356309035316,3.14348579742433,3.19432749468611,3.2452538731714,3.29552837673483,3.34568807756573,3.39565284108347,3.44337042636144,3.48612932925651,3.5223200381918,3.55060925014492,3.5723825545313,3.59205189992839,3.61573877263376,3.64772326858156,3.6896938972686,3.74002523386794,3.79563238119054,..,..
Libya,LBY,"Population, total",SP.POP.TOTL,5357891,5443248,5531089,5620547,5710154,5798614,5886872,5974787,6058748,6133984,6197663,6247439,6285750,6320359,6362037,6418315,6492164,6580724,6678567,6777452,..
Libya,LBY,GDP (current US$),NY.GDP.MKTP.CD,38270206950.41,34110064452.1567,20481889763.7795,26265625000,33122307692.3077,47334148578.4164,54961936662.6066,67516236337.7158,87140405361.2292,63028320702.0343,74773444900.5368,34699395523.6073,81873662518.8238,65502870173.7831,41142722414.3351,27842131479.8726,26197143268.1243,37883243650.452,52607888717.9487,52076250947.5792,..
Libya,LBY,GDP growth (annual %),NY.GDP.MKTP.KD.ZG,3.67921329264158,-1.76287816843826,-0.958849380743104,13.0160010757026,4.46162998215347,11.870728929385,6.50054722695923,6.35231699447934,2.66735578975754,-0.790141831553143,5.02128973900766,-62.0759195849001,123.139555198582,-13.5999999741829,-24.000000034478,-8.8620393625491,-2.79546888990185,26.6809026327981,15.1327998906633,2.53595347758677,..
Libya,LBY,GDP per capita (constant 2010 US$),NY.GDP.PCAP.KD,8963.66583654145,8667.56366237605,8448.12229969998,9395.76598464741,9660.94817358162,10642.8965689334,11164.8087386679,11699.3143201487,11844.9252400819,11607.1982788564,12064.7806924218,4539.00252138836,10066.5790283158,8649.8984096106,6530.85671467715,5899.89964685628,5669.73394586099,7085.81214934763,8038.57541150542,8122.17048902136,..
Libya,LBY,Access to electricity (% of population),EG.ELC.ACCS.ZS,..,97.0607604980469,95.3718795776367,93.6642379760742,91.9333801269531,90.1774978637695,88.4055099487305,86.6289978027344,84.8595428466797,83.1087341308594,81.3881530761719,79.7093811035156,78.0805892944336,76.4962997436523,74.9476089477539,73.4256134033203,71.9214172363281,70.4261245727539,67,..,..
Libya,LBY,"Access to electricity, rural (% of rural population)",EG.ELC.ACCS.RU.ZS,99.1530090684254,88.0042784178294,80.5474578871386,72.9056439360583,65.111114773372,57.1539914056599,49.0284956562963,40.7392452696486,32.3119886005566,23.7862008635284,15.200255361299,6.59383373599642,..,..,..,..,..,..,..,..,..
Libya,LBY,"Access to electricity, urban (% of urban population)",EG.ELC.ACCS.UR.ZS,100,99.8425064086914,99.8931655883789,99.9463272094727,99.9819107055664,99.9971466064453,100,100,100,100,100,100,100,100,100,100,100,100,100,..,..
Libya,LBY,"CO2 emissions from electricity and heat production, total (% of total fuel combustion)",EN.CO2.ETOT.ZS,54.4613710554951,54.3144520910535,56.2421502135142,57.528306432185,56.3782126856873,56.6775244299674,58.3532790808999,58.6384734399175,55.3677695786718,52.7888446215139,50.5098855359001,53.3895839394821,54.3296405154872,53.8078439510272,53.1941544885178,..,..,..,..,..,..
Libya,LBY,Electricity production from coal sources (% of total),EG.ELC.COAL.ZS,0,0,0,0,0,0,0,0,0,0,0,0,0,0,0,0,..,..,..,..,..
Libya,LBY,Electricity production from hydroelectric sources (% of total),EG.ELC.HYRO.ZS,0,0,0,0,0,0,0,0,0,0,0,0,0,0,0,0,..,..,..,..,..
Libya,LBY,Electricity production from natural gas sources (% of total),EG.ELC.NGAS.ZS,21.9411461022199,22.0470486003352,21.1282870343962,20.3558042548699,19.2662360076927,27.9463655610445,39.5936010341763,44.0001524738888,40.9893253331473,39.1992888420637,47.1282019780085,59.8099926920266,60.4755652808169,58.3836678711787,53.7012006042777,53.7003155410601,..,..,..,..,..
Libya,LBY,Electricity production from nuclear sources (% of total),EG.ELC.NUCL.ZS,0,0,0,0,0,0,0,0,0,0,0,0,0,0,0,..,..,..,..,..,..
Libya,LBY,Electricity production from oil sources (% of total),EG.ELC.PETR.ZS,78.0588538977801,77.9529513996648,78.8717129656038,79.6441957451301,80.7337639923073,72.0536344389555,60.4063989658237,55.9998475261112,59.0106746668527,60.8007111579363,52.8717980219915,40.1900073079734,39.5244347191831,41.6163321288212,46.2987993957223,46.2996844589399,..,..,..,..,..
Libya,LBY,"Electricity production from oil, gas and coal sources (% of total)",EG.ELC.FOSL.ZS,100,100,100,100,100,100,100,100,100,100,100,100,100,100,100,100,..,..,..,..,..
Libya,LBY,"Electricity production from renewable sources, excluding hydroelectric (% of total)",EG.ELC.RNWX.ZS,0,0,0,0,0,0,0,0,0,0,0,0,0,0,0,0,..,..,..,..,..
Libya,LBY,"Electricity production from renewable sources, excluding hydroelectric (kWh)",EG.ELC.RNWX.KH,0,0,0,0,0,0,0,0,0,0,0,0,0,0,0,0,..,..,..,..,..
Libya,LBY,Renewable electricity output (% of total electricity output),EG.ELC.RNEW.ZS,0,0,0,0,0,0,0,0,0,0,0,0,0,0,0,0,..,..,..,..,..
Libya,LBY,Time required to get electricity (days),IC.ELC.TIME,..,..,..,..,..,..,..,..,..,..,..,..,118,118,118,118,118,118,118,118,..
Botswana,BWA,Population density (people per sq. km of land area),EN.POP.DNST,2.89967709491292,2.95498385474565,3.00785559261024,3.06036031267094,3.11528770313906,3.17448873361213,3.23947558802252,3.30926367053094,3.38016162899441,3.44696416282886,3.50626400578759,3.55619430769502,3.59880542762868,3.63936265946747,3.68537751663049,3.74202177403702,3.81123992024421,3.89096748010516,3.97742487604327,..,..
Botswana,BWA,"Population, total",SP.POP.TOTL,1643334,1674678,1704642,1734398,1765527,1799078,1835908,1875459,1915639,1953498,1987105,2015402,2039551,2062536,2088614,2120716,2159944,2205128,2254126,2303697,..
Botswana,BWA,GDP (current US$),NY.GDP.MKTP.CD,5788329609.15755,5489608299.66445,5438857106.73536,7511582173.37724,8957467706.5354,9931134940.51346,10126940513.3125,10939053365.4786,10945070441.9283,10267133177.7334,12786654365.8738,15351972229.5341,14420393563.5442,14901750764.9811,16250750259.0212,14420604205.7459,15646316818.3319,17405538618.3969,18663264705.8824,18340510789.4272,..
Botswana,BWA,GDP growth (annual %),NY.GDP.MKTP.KD.ZG,1.98769585438754,0.250573866722732,6.06953086765014,4.62589479191556,2.70582173663567,4.55664565732843,8.36387106895727,8.27676379346968,6.24543736290877,-7.65231020253476,8.56363174773267,6.04831636706808,4.45616721309787,11.3434242527752,4.1492898931352,-1.69796561588223,4.30373745681474,2.90400634981967,4.47882348357265,2.96613593278983,..
Botswana,BWA,GDP per capita (constant 2010 US$),NY.GDP.PCAP.KD,5211.0737051999,5126.3541863134,5341.92009255573,5493.14411580954,5542.30542660652,5686.78053185044,6038.79181048478,6400.71756767326,6657.83238251693,6029.19863060839,6434.81565688465,6728.20195409419,6944.80763670943,7646.41431460258,7864.25328125683,7613.69840975739,7797.14412155784,7859.16728321039,8032.67917835124,8092.96511646952,..
Botswana,BWA,Access to electricity (% of population),EG.ELC.ACCS.ZS,27.2774658203125,24.8,31.4003505706787,33.4358940124512,35.4482154846191,37.4355201721191,39.4067153930664,41.3733863830566,43.1,45.3394889831543,52.6843681335449,53.24,53.3805885314941,53.6997947692871,55.894287109375,58.1154747009277,60.3544654846191,62.602352142334,64.8517227172852,..,..
Botswana,BWA,"Access to electricity, rural (% of rural population)",EG.ELC.ACCS.RU.ZS,14.4056203823823,10.442480443616,17.2760490188998,18.7292429153918,20.0907199993898,21.3481740613313,22.5191523949597,22.8376570387577,22.5798502266037,23.0684467736863,26.7403564832852,25.1560429842942,23.2126288999677,22.3665994463097,24.9335111851067,25.7021916662011,26.4643231941935,27.1940931602519,27.8826111458015,..,..
Botswana,BWA,"Access to electricity, urban (% of urban population)",EG.ELC.ACCS.UR.ZS,38.5921783447266,37,43.1589584350586,45.4545135498047,47.7678565979004,50.1043395996094,52.4616432189941,54.8355293273926,57.1,59.6161003112793,68.3093032836914,69.13,69.7911376953125,70.1510162353516,71.5836791992188,73.9685592651367,76.3519134521484,78.7344970703125,81.1169509887695,..,..
Botswana,BWA,"CO2 emissions from electricity and heat production, total (% of total fuel combustion)",EN.CO2.ETOT.ZS,41.1910669975186,32.0413436692506,32.5062034739454,35.2941176470588,40.5541561712846,39.2523364485981,31.2958435207824,25,23.9179954441913,33.1210191082803,17.4311926605505,27.8645833333333,42.1267893660532,44.2748091603053,54.5058139534884,..,..,..,..,..,..
Botswana,BWA,Electricity production from coal sources (% of total),EG.ELC.COAL.ZS,97.6315789473684,97.8742249778565,97.4694589877836,97.2168905950096,94.7638603696099,99.4296577946768,99.3896236012208,99.2753623188406,100,100,100,91.4225941422594,71.4285714285714,82.3401950162513,95.6766104626027,96.3599595551062,..,..,..,..,..
Botswana,BWA,Electricity production from hydroelectric sources (% of total),EG.ELC.HYRO.ZS,0,0,0,0,0,0,0,0,0,0,0,0,0,0,0,0,..,..,..,..,..
Botswana,BWA,Electricity production from natural gas sources (% of total),EG.ELC.NGAS.ZS,0,0,0,0,0,0,0,0,0,0,0,0,0,0,0,0,..,..,..,..,..
Botswana,BWA,Electricity production from nuclear sources (% of total),EG.ELC.NUCL.ZS,0,0,0,0,0,0,0,0,0,0,0,0,0,0,0,..,..,..,..,..,..
Botswana,BWA,Electricity production from oil sources (% of total),EG.ELC.PETR.ZS,2.36842105263158,2.12577502214349,2.53054101221641,2.7831094049904,5.23613963039014,0.570342205323194,0.610376398779247,0.72463768115942,0,0,0,8.57740585774059,28.5714285714286,17.5514626218852,4.28015564202335,3.60633636670037,..,..,..,..,..
Botswana,BWA,"Electricity production from oil, gas and coal sources (% of total)",EG.ELC.FOSL.ZS,100,100,100,100,100,100,100,100,100,100,100,100,100,99.8916576381365,99.956766104626,99.9662959218065,..,..,..,..,..
Botswana,BWA,"Electricity production from renewable sources, excluding hydroelectric (% of total)",EG.ELC.RNWX.ZS,0,0,0,0,0,0,0,0,0,0,0,0,0,0.108342361863489,0.0432338953739732,0.0337040781934614,..,..,..,..,..
Botswana,BWA,"Electricity production from renewable sources, excluding hydroelectric (kWh)",EG.ELC.RNWX.KH,0,0,0,0,0,0,0,0,0,0,0,0,0,1000000,1000000,1000000,..,..,..,..,..
Botswana,BWA,Renewable electricity output (% of total electricity output),EG.ELC.RNEW.ZS,0,0,0,0,0,0,0,0,0,0,0,0,0,0.108342361863489,0.0432338953739732,0.0337040781934614,..,..,..,..,..
Botswana,BWA,Time required to get electricity (days),IC.ELC.TIME,..,..,..,..,..,..,..,..,..,121,121,121,121,121,121,77,77,77,77,77,..
Namibia,NAM,Population density (people per sq. km of land area),EN.POP.DNST,2.17975561466798,2.21510281917672,2.24893172515153,2.28244846894776,2.31722114929126,2.35435873143121,2.3944381688105,2.43718981160952,2.48198569155462,2.52771684339662,2.5736666302275,2.61961277314191,2.66586986359606,2.71290796681607,2.76139634879569,2.81177227951269,2.86416815459923,2.91829489001445,2.97374558175127,..,..
Namibia,NAM,"Population, total",SP.POP.TOTL,1794571,1823672,1851523,1879117,1907745,1938320,1971317,2006514,2043394,2081044,2118874,2156701,2194784,2233510,2273430,2314904,2358041,2402603,2448255,2494530,..
Namibia,NAM,GDP (current US$),NY.GDP.MKTP.CD,3833993702.98856,3476452446.22032,3275669889.09655,4811994024.87871,6480441754.26103,7121391945.6544,7835043624.01241,8740865600.24981,8486721916.9128,8876191120.76189,11268186636.2905,12343501808.2192,13042007432.4489,12011207761.9717,12356482878.1968,11272143550.2527,10665634660.8833,12741746433.6716,13454211124.4607,12366527719.3322,..
Namibia,NAM,GDP growth (annual %),NY.GDP.MKTP.KD.ZG,3.49218342924833,1.17794863881615,4.78866127580193,4.23979437265922,12.2695479955614,2.52926272750096,7.07317522833921,5.37404422155545,2.6498119669143,0.295970899569213,6.03924954600474,5.09133819752367,5.0616820132676,5.61471970064093,5.75778884704977,4.52677000113735,-0.280707988212924,-0.256275905911707,0.698374106573212,-1.13409795187005,..
Namibia,NAM,GDP per capita (constant 2010 US$),NY.GDP.PCAP.KD,4007.07294993129,3989.57867723465,4117.74022589618,4229.2930702425,4676.95565879142,4719.60805829674,4968.84701489108,5144.03064093459,5185.03611206718,5106.29761319136,5318.00693967195,5490.74170535099,5668.57004972299,5883.04069902519,6112.52332875025,6274.75338160736,6142.67419389426,6013.29344053503,5942.37726717733,5766.00046008656,..
Namibia,NAM,Access to electricity (% of population),EG.ELC.ACCS.ZS,36.5,36.0293388366699,37.0144424438477,37.9807929992676,38.9239196777344,39.8420257568359,40.744026184082,43.7,42.5460357666016,44.1,44.4226226806641,42.3,46.4630432128906,47.4,48.678035736084,51.6,49.7,52.5,53.8738746643066,..,..
Namibia,NAM,"Access to electricity, rural (% of rural population)",EG.ELC.ACCS.RU.ZS,18.9317553754692,18.8252005249428,19.7120276820594,20.5348327717752,21.3296881158124,22.0929671286508,22.8359162921249,22.3900842505114,24.3464113363638,20.6549049080226,25.768076187896,21.6366893855868,27.1183159795218,27.3082374298959,29.4356809129337,31.285498212679,31.6359417032502,33.5876383613953,35.5208634629373,..,..
Namibia,NAM,"Access to electricity, urban (% of urban population)",EG.ELC.ACCS.UR.ZS,73.2,71.1205596923828,70.9541702270508,70.7983169555664,70.6602554321289,70.5453262329102,70.4512252807617,77.6,70.3085250854492,78.4,70.5934753417969,70.1,71.3925170898438,72.2,71.4257202148438,74.6,69.3,72.1803436279297,72.2034072875977,..,..
Namibia,NAM,"CO2 emissions from electricity and heat production, total (% of total fuel combustion)",EN.CO2.ETOT.ZS,0.526315789473684,0.411522633744856,0,0.892857142857143,0.427350427350427,1.60642570281124,6,6.56370656370656,8.21917808219178,3.69127516778524,0.977198697068404,0.638977635782748,2.77777777777778,2.32558139534884,0.278551532033426,..,..,..,..,..,..
Namibia,NAM,Electricity production from coal sources (% of total),EG.ELC.COAL.ZS,0.7818052594172,0,0.349895031490553,0.0703729767769177,0.725163161711385,0.180722891566265,5.23038605230386,1.96700507614213,10.6234096692112,5.23489932885906,4.21455938697318,1.3986013986014,0.912964090079124,3.08039068369647,0,0.455729166666667,..,..,..,..,..
Namibia,NAM,Electricity production from hydroelectric sources (% of total),EG.ELC.HYRO.ZS,99.2181947405828,100,99.5801259622113,99.8592540464462,99.1298042059463,99.7590361445783,94.1469489414695,97.8426395939086,88.7404580152672,94.5637583892618,95.5555555555556,98.1818181818182,97.8088861838101,95.5672426746807,99.13217623498,97.7864583333333,..,..,..,..,..
Namibia,NAM,Electricity production from natural gas sources (% of total),EG.ELC.NGAS.ZS,0,0,0,0,0,0,0,0,0,0,0,0,0,0,0,0,..,..,..,..,..
Namibia,NAM,Electricity production from nuclear sources (% of total),EG.ELC.NUCL.ZS,0,0,0,0,0,0,0,0,0,0,0,0,0,0,0,..,..,..,..,..,..
Namibia,NAM,Electricity production from oil sources (% of total),EG.ELC.PETR.ZS,0,0,0.0699790062981106,0.0703729767769177,0.145032632342277,0.0602409638554217,0.62266500622665,0.190355329949239,0.636132315521628,0.201342281879195,0.229885057471264,0.41958041958042,1.27814972611077,1.35236664162284,0.867823765020027,1.7578125,..,..,..,..,..
Namibia,NAM,"Electricity production from oil, gas and coal sources (% of total)",EG.ELC.FOSL.ZS,0.7818052594172,0,0.419874037788663,0.140745953553835,0.870195794053662,0.240963855421687,5.85305105853051,2.15736040609137,11.2595419847328,5.43624161073826,4.44444444444444,1.81818181818182,2.1911138161899,4.43275732531931,0.867823765020027,2.21354166666667,..,..,..,..,..
Namibia,NAM,"Electricity production from renewable sources, excluding hydroelectric (% of total)",EG.ELC.RNWX.ZS,0,0,0,0,0,0,0,0,0,0,0,0,0,0,0,0,..,..,..,..,..
Namibia,NAM,"Electricity production from renewable sources, excluding hydroelectric (kWh)",EG.ELC.RNWX.KH,0,0,0,0,0,0,0,0,0,0,0,0,0,0,0,0,..,..,..,..,..
Namibia,NAM,Renewable electricity output (% of total electricity output),EG.ELC.RNEW.ZS,99.2181947405828,100,99.5801259622113,99.8592540464462,99.1298042059463,99.7590361445783,94.1469489414695,97.8426395939086,88.7404580152672,94.5637583892618,95.5555555555556,98.1818181818182,97.8088861838101,95.5672426746807,99.13217623498,97.7864583333333,..,..,..,..,..
Namibia,NAM,Time required to get electricity (days),IC.ELC.TIME,..,..,..,..,..,..,..,..,..,54,54,54,37,37,37,37,37,37,37,37,..
Gabon,GAB,Population density (people per sq. km of land area),EN.POP.DNST,4.76718283075251,4.8822253269686,4.99986416734583,5.12264912484961,5.25398765863314,5.39662746924361,5.55032405790352,5.71496487755656,5.89335196181162,6.08890441262079,6.30317848410758,6.53795552450809,6.79039857181666,7.0519307641557,7.31090154073039,7.55883882485349,7.79242053789731,8.01343967089688,8.22476423332169,..,..
Gabon,GAB,"Population, total",SP.POP.TOTL,1228360,1258003,1288315,1319953,1353795,1390549,1430152,1472575,1518540,1568928,1624140,1684635,1749682,1817071,1883800,1947686,2007873,2064823,2119275,2172579,..
Gabon,GAB,GDP (current US$),NY.GDP.MKTP.CD,5067865320.7979,5018874179.18704,5310381151.35952,6497305662.09274,7756293574.98077,9578973591.00958,10318424464.3377,12438956756.4455,15508574820.3516,12065138272.7538,14372591916.4792,18210308748.2912,17170465294.0332,17595745653.3676,18203968001.8908,14383107714.0388,14023890620.3384,14929488770.7315,16862282413.8778,16657960228.0892,..
Gabon,GAB,GDP growth (annual %),NY.GDP.MKTP.KD.ZG,-1.88296639760897,2.13523342197423,-0.249033168543434,2.2473300115045,0.689543058464849,2.67620333310926,-2.80657835569052,6.00810802487668,-3.30843064878752,0.130331119816617,7.08988731455126,7.09175334258654,5.25107691750407,5.63869900338693,4.31496444107471,3.8788993950789,2.09144220829562,0.479762270647498,0.835804969429503,3.39411015217392,..
Gabon,GAB,GDP per capita (constant 2010 US$),NY.GDP.PCAP.KD,10170.2564480707,10142.6509232799,9879.34623048923,9859.2477036437,9679.07175731824,9675.42653304828,9143.47097135842,9413.58283593182,8826.626396463,8554.28310976306,8849.35529971507,9136.61456881311,9258.88197266208,9418.21973701202,9476.59973805069,9521.288558578,9429.04631840384,9212.97258063355,9051.28130144379,9128.88213618483,..
Gabon,GAB,Access to electricity (% of population),EG.ELC.ACCS.ZS,73.6,76.5015716552734,77.4398956298828,78.3594665527344,79.2558135986328,81.6,80.9823684692383,81.8330612182617,82.6908187866211,83.5672149658203,92.2313461303711,90.4978866577148,89.3,86.4,88.5421447753906,89.6473541259766,90.7703704833984,91.9022827148438,93.0356826782227,..,..
Gabon,GAB,"Access to electricity, rural (% of rural population)",EG.ELC.ACCS.RU.ZS,11.6052620624262,16.9371278817659,18.065710628411,19.1986798730459,20.2750478214206,27.0957256550853,22.1679627019626,23.1079973068603,24.1591098977247,25.4447540828472,46.3007886492437,38.8342062159786,32.2611651315733,32.7927870257301,39.568786215404,44.3926742274017,49.8591022742452,55.9145116219898,62.5113072067858,..,..
Gabon,GAB,"Access to electricity, urban (% of urban population)",EG.ELC.ACCS.UR.ZS,90.2,91.7357864379883,91.943603515625,92.1619567871094,92.3981018066406,93.2,92.9374847412109,93.2341613769531,93.5431900024414,93.8603286743164,100,98.8440551757813,98.1,94.3,95.4419021606445,95.7495803833008,96.0557327270508,96.3611145019531,96.6663665771484,..,..
Gabon,GAB,"CO2 emissions from electricity and heat production, total (% of total fuel combustion)",EN.CO2.ETOT.ZS,30.8219178082192,27.7027027027027,32.6086956521739,35.9712230215827,36.3636363636364,36.4161849710983,33.8888888888889,39.6907216494845,34,33.495145631068,30.0751879699248,30.7692307692308,30.9148264984227,28.6135693215339,32.6647564469914,..,..,..,..,..,..
Gabon,GAB,Electricity production from coal sources (% of total),EG.ELC.COAL.ZS,0,0,0,0,0,0,0,0,0,0,0,0,0,0,0,0,..,..,..,..,..
Gabon,GAB,Electricity production from hydroelectric sources (% of total),EG.ELC.HYRO.ZS,61.06463878327,62.4022743425729,62.280701754386,58.6701434159061,57.987012987013,51.5883100381194,56.7567567567568,46.1937716262976,49.0669593852909,51.528384279476,46.8733850129199,41.156295933366,41.9593345656192,44.4656488549618,39.7397397397397,43.1796801505174,..,..,..,..,..
Gabon,GAB,Electricity production from natural gas sources (% of total),EG.ELC.NGAS.ZS,17.8707224334601,22.316986496091,22.2672064777328,22.6205997392438,20.7792207792208,20.7115628970775,19.8198198198198,19.4925028835063,27.2228320526893,34.7161572052402,42.015503875969,46.8887800097991,43.7615526802218,40.2671755725191,47.0970970970971,46.0489181561618,..,..,..,..,..
Gabon,GAB,Electricity production from nuclear sources (% of total),EG.ELC.NUCL.ZS,0,0,0,0,0,0,0,0,0,0,0,0,0,0,0,..,..,..,..,..,..
Gabon,GAB,Electricity production from oil sources (% of total),EG.ELC.PETR.ZS,20.532319391635,14.7832267235252,14.9797570850202,18.2529335071708,20.7142857142857,27.1918678526048,22.9429429429429,33.8523644752018,23.2711306256861,13.264192139738,10.6459948320413,11.5139637432631,13.724584103512,14.7423664122137,12.5625625625626,10.2069614299153,..,..,..,..,..
Gabon,GAB,"Electricity production from oil, gas and coal sources (% of total)",EG.ELC.FOSL.ZS,38.4030418250951,37.1002132196162,37.246963562753,40.8735332464146,41.4935064935065,47.9034307496823,42.7627627627628,53.3448673587082,50.4939626783754,47.9803493449782,52.6614987080103,58.4027437530622,57.4861367837338,55.0095419847328,59.6596596596597,56.2558795860771,..,..,..,..,..
Gabon,GAB,"Electricity production from renewable sources, excluding hydroelectric (% of total)",EG.ELC.RNWX.ZS,0.532319391634981,0.497512437810945,0.472334682860999,0.45632333767927,0.519480519480519,0.508259212198221,0.48048048048048,0.461361014994233,0.439077936333699,0.491266375545852,0.465116279069767,0.440960313571779,0.55452865064695,0.524809160305344,0.600600600600601,0.564440263405456,..,..,..,..,..
Gabon,GAB,"Electricity production from renewable sources, excluding hydroelectric (kWh)",EG.ELC.RNWX.KH,7000000,7000000,7000000,7000000,8000000,8000000,8000000,8000000,8000000,9000000,9000000,9000000,12000000,11000000,12000000,12000000,..,..,..,..,..
Gabon,GAB,Renewable electricity output (% of total electricity output),EG.ELC.RNEW.ZS,61.5969581749049,62.8997867803838,62.753036437247,59.1264667535854,58.5064935064935,52.0965692503177,57.2372372372372,46.6551326412918,49.5060373216246,52.0196506550218,47.3385012919897,41.5972562469378,42.5138632162662,44.9904580152672,40.3403403403403,43.7441204139229,..,..,..,..,..
Gabon,GAB,Time required to get electricity (days),IC.ELC.TIME,..,..,..,..,..,..,..,..,..,176,176,176,157,148,148,148,148,148,148,148,..
Equatorial Guinea,GNQ,Population density (people per sq. km of land area),EN.POP.DNST,21.6107308377897,22.5192869875223,23.4718003565062,24.48,25.559679144385,26.7213903743316,27.9677718360071,29.2936541889483,30.6894830659537,32.1425668449198,33.6413190730838,35.1819251336898,36.7626024955437,38.3747950089127,40.0098395721925,41.6601782531194,43.321889483066,44.9911229946524,46.6657397504456,..,..
Equatorial Guinea,GNQ,"Population, total",SP.POP.TOTL,606181,631666,658384,686664,716949,749535,784496,821687,860840,901599,943639,986853,1031191,1076413,1122276,1168568,1215179,1262001,1308974,1355986,..
Equatorial Guinea,GNQ,GDP (current US$),NY.GDP.MKTP.CD,1045998496.43872,1461139022.02954,1806742742.27311,2484745935.09329,4410764338.66733,8217369092.65224,10086528698.8604,13071718758.7373,19749893536.3204,15027795173.2187,16314442183.3477,21357344847.4966,22388345810.2466,21948835350.3425,21765454404.421,13185496836.4124,11240809132.4145,12200914929.5961,13278488567.3058,11026774945.3415,..
Equatorial Guinea,GNQ,GDP growth (annual %),NY.GDP.MKTP.KD.ZG,18.2137799569674,63.3798754250602,19.4628340359251,13.9552503163825,37.9987268556423,16.7487006053541,7.70491760658767,15.2821139194857,17.7991091333811,1.34335628806097,-8.92417588851806,6.52392362989873,8.31287184445641,-4.13319850131583,0.415066301596866,-9.11004114881537,-8.81641723219757,-5.66750295652729,-6.3563391129224,-5.57630845388924,..
Equatorial Guinea,GNQ,GDP per capita (constant 2010 US$),NY.GDP.PCAP.KD,5563.38605175628,8722.73294858159,9997.55087819525,10923.5286350039,14437.5681394498,16122.87357678,16591.2522076373,18261.0360664846,20532.9522638923,19868.0707623372,17288.8595992193,17610.3066333418,18254.0964461755,16764.428711951,16146.0724286193,14093.8124933866,12358.304036212,11225.3725336737,10134.6283006732,9237.7161862392,..
Equatorial Guinea,GNQ,Access to electricity (% of population),EG.ELC.ACCS.ZS,..,..,..,..,..,..,..,..,..,..,..,66.1,65.6772308349609,65.8435363769531,66.0454330444336,66.2740325927734,66.5204238891602,66.7757186889648,67.0325012207031,..,..
Equatorial Guinea,GNQ,"Access to electricity, rural (% of rural population)",EG.ELC.ACCS.RU.ZS,..,..,..,..,..,..,..,..,..,..,..,10.0538314331486,7.64715859482082,7.20621885101729,6.89777258439739,6.7001258687721,6.60119538750072,6.58208796002463,6.60948257259865,..,..
Equatorial Guinea,GNQ,"Access to electricity, urban (% of urban population)",EG.ELC.ACCS.UR.ZS,..,..,..,..,..,..,..,..,..,..,..,93.1,91.7486877441406,91.5230407714844,91.2943267822266,91.0633087158203,90.8307647705078,90.5974502563477,90.3640060424805,..,..
Equatorial Guinea,GNQ,"CO2 emissions from electricity and heat production, total (% of total fuel combustion)",EN.CO2.ETOT.ZS,..,..,..,..,..,..,..,..,..,..,..,..,..,..,..,..,..,..,..,..,..
Equatorial Guinea,GNQ,Electricity production from coal sources (% of total),EG.ELC.COAL.ZS,..,..,..,..,..,..,..,..,..,..,..,..,..,..,..,..,..,..,..,..,..
Equatorial Guinea,GNQ,Electricity production from hydroelectric sources (% of total),EG.ELC.HYRO.ZS,..,..,..,..,..,..,..,..,..,..,..,..,..,..,..,..,..,..,..,..,..
Equatorial Guinea,GNQ,Electricity production from natural gas sources (% of total),EG.ELC.NGAS.ZS,..,..,..,..,..,..,..,..,..,..,..,..,..,..,..,..,..,..,..,..,..
Equatorial Guinea,GNQ,Electricity production from nuclear sources (% of total),EG.ELC.NUCL.ZS,..,..,..,..,..,..,..,..,..,..,..,..,..,..,..,..,..,..,..,..,..
Equatorial Guinea,GNQ,Electricity production from oil sources (% of total),EG.ELC.PETR.ZS,..,..,..,..,..,..,..,..,..,..,..,..,..,..,..,..,..,..,..,..,..
Equatorial Guinea,GNQ,"Electricity production from oil, gas and coal sources (% of total)",EG.ELC.FOSL.ZS,..,..,..,..,..,..,..,..,..,..,..,..,..,..,..,..,..,..,..,..,..
Equatorial Guinea,GNQ,"Electricity production from renewable sources, excluding hydroelectric (% of total)",EG.ELC.RNWX.ZS,..,..,..,..,..,..,..,..,..,..,..,..,..,..,..,..,..,..,..,..,..
Equatorial Guinea,GNQ,"Electricity production from renewable sources, excluding hydroelectric (kWh)",EG.ELC.RNWX.KH,..,..,..,..,..,..,..,..,..,..,..,..,..,..,..,..,..,..,..,..,..
Equatorial Guinea,GNQ,Renewable electricity output (% of total electricity output),EG.ELC.RNEW.ZS,13.9165009940358,41.9354838709677,41.9354838709677,39.3939393939394,31.9672131147541,24.5283018867925,19.5979899497487,15.0579150579151,12.2257053291536,10.8635097493036,3.41463414634146,3.41463414634146,3.41463414634146,4.34782608695652,57.8274760383387,57.8274760383387,..,..,..,..,..
Equatorial Guinea,GNQ,Time required to get electricity (days),IC.ELC.TIME,..,..,..,..,..,..,..,..,..,106,106,106,106,106,106,106,106,106,106,106,..
,,,,,,,,,,,,,,,,,,,,,,,,
,,,,,,,,,,,,,,,,,,,,,,,,
,,,,,,,,,,,,,,,,,,,,,,,,
Data from database: World Development Indicators,,,,,,,,,,,,,,,,,,,,,,,,
Last Updated: 09/16/2020,,,,,,,,,,,,,,,,,,,,,,,,
